node1	node2	combined_score
CDC37	BCL2L1	0.000408
CDC37	CDKN2A	0.000444
CDC37	BTC	0.000499
CDC37	CASP8	0.000536
CDC37	ABL1	0.000617
CDC37	CDK2	0.000622
CDC37	AR	0.000661
CDC37	AKT2	0.000944
CDC37	AKT3	0.000963
CDC37	CDK6	0.000964
CDC37	BRAF	0.000991
CDC37	AKT1	0.000995
CDC37	CDK4	0.000999
CCND1	AREG	0.000435
CCND1	CCNA1	0.00046899999999999996
CCND1	CD274	0.000541
CCND1	ALK	0.000549
CCND1	AKT3	0.0005570000000000001
CCND1	CCNA2	0.00065
CCND1	CCNE2	0.0006670000000000001
CCND1	BECN1	0.000679
CCND1	CDKN3	0.00068
CCND1	CASP8	0.000687
CCND1	ATM	0.0006919999999999999
CCND1	CD44	0.000696
CCND1	CYP19A1	0.000712
CCND1	AKT2	0.000717
CCND1	ABL1	0.000742
CCND1	BCL2L11	0.000752
CCND1	ARID1A	0.000752
CCND1	CCNB1	0.0007970000000000001
CCND1	ANXA5	0.000808
CCND1	BCL2L1	0.000808
CCND1	CCNE1	0.000841
CCND1	CASP9	0.000844
CCND1	CASP3	0.000847
CCND1	CDH1	0.000851
CCND1	BRCA2	0.000861
CCND1	BRAF	0.000864
CCND1	E2F2	0.000871
CCND1	BRCA1	0.0009220000000000001
CCND1	AKT1	0.000923
CCND1	E2F1	0.0009379999999999999
CCND1	CCND3	0.000939
CCND1	CCND2	0.0009419999999999999
CCND1	AR	0.000955
CCND1	BCL2	0.000958
CCND1	CDC25A	0.0009699999999999999
CCND1	CTNNB1	0.000972
CCND1	CDKN2B	0.0009739999999999999
CCND1	CDKN2C	0.000989
CCND1	CDKN1C	0.000994
CCND1	CDKN2A	0.000998
CCND1	CDK2	0.000999
CCND1	CDKN1B	0.000999
CCND1	CDK4	0.000999
CCND1	CDK6	0.000999
CCND1	CDKN1A	0.000999
CDKN1B	BRCA2	0.000422
CDKN1B	AR	0.000448
CDKN1B	BRAF	0.000486
CDKN1B	ANXA5	0.000504
CDKN1B	BRCA1	0.000506
CDKN1B	CDH1	0.0005110000000000001
CDKN1B	CASP9	0.000513
CDKN1B	CTNNB1	0.000587
CDKN1B	CASP8	0.000621
CDKN1B	BCL2	0.0007019999999999999
CDKN1B	E2F2	0.0007109999999999999
CDKN1B	ATM	0.000713
CDKN1B	CASP3	0.000721
CDKN1B	ABL1	0.000746
CDKN1B	BCL2L11	0.000748
CDKN1B	CDKN3	0.000781
CDKN1B	E2F1	0.000812
CDKN1B	CDC25A	0.0008169999999999999
CDKN1B	BCL2L1	0.0008359999999999999
CDKN1B	CDKN2B	0.000859
CDKN1B	CDKN2A	0.00093
CDKN1B	CDKN1C	0.0009459999999999999
CDKN1B	CDKN2C	0.0009559999999999999
CDKN1B	AKT2	0.0009559999999999999
CDKN1B	AKT3	0.0009599999999999999
CDKN1B	CCNB1	0.000972
CDKN1B	CDKN1A	0.000982
CDKN1B	AKT1	0.000996
CDKN1B	CCNE2	0.000998
CDKN1B	CDK4	0.000999
CDKN1B	CDK6	0.000999
CDKN1B	CCND3	0.000999
CDKN1B	CCNE1	0.000999
CDKN1B	CDK2	0.000999
CDKN1B	CCNA1	0.000999
CDKN1B	CCND2	0.000999
CDKN1B	CCNA2	0.000999
CCNA1	AR	0.00040699999999999997
CCNA1	BCL2L11	0.000414
CCNA1	CDKN2B	0.000509
CCNA1	CDKN2C	0.000514
CCNA1	CDH1	0.0005250000000000001
CCNA1	CASP8	0.000541
CCNA1	BRCA2	0.0005759999999999999
CCNA1	BCL2L1	0.000583
CCNA1	ANXA5	0.0006
CCNA1	CASP9	0.000609
CCNA1	AKT1	0.000671
CCNA1	CDKN2A	0.000671
CCNA1	BCL2	0.0006889999999999999
CCNA1	CTNNB1	0.0006919999999999999
CCNA1	CASP3	0.000694
CCNA1	CDKN3	0.000733
CCNA1	BRCA1	0.0007790000000000001
CCNA1	ATM	0.0008100000000000001
CCNA1	CCNE2	0.0008209999999999999
CCNA1	CCNB1	0.000847
CCNA1	CCNE1	0.000907
CCNA1	CDC25A	0.0009130000000000001
CCNA1	E2F2	0.000964
CCNA1	CCNA2	0.000977
CCNA1	CDK4	0.000988
CCNA1	CDKN1C	0.000988
CCNA1	CDK6	0.000993
CCNA1	CDKN1A	0.000999
CCNA1	CDK2	0.000999
CCNA1	E2F1	0.000999
CCNB1	BRAF	0.00040500000000000003
CCNB1	BECN1	0.000406
CCNB1	AR	0.00041799999999999997
CCNB1	CDKN2B	0.000433
CCNB1	BCL2L11	0.00045900000000000004
CCNB1	CDKN2C	0.000491
CCNB1	E2F2	0.000515
CCNB1	CCND2	0.000588
CCNB1	CASP8	0.0006039999999999999
CCNB1	CTNNB1	0.000624
CCNB1	BRCA2	0.00063
CCNB1	BCL2L1	0.000631
CCNB1	ANXA5	0.000675
CCNB1	CDH1	0.0006860000000000001
CCNB1	AKT1	0.0007019999999999999
CCNB1	CCNE1	0.000746
CCNB1	CCNE2	0.000755
CCNB1	BCL2	0.000768
CCNB1	CDKN2A	0.000772
CCNB1	ATM	0.000775
CCNB1	CASP3	0.000798
CCNB1	CASP9	0.000803
CCNB1	CDKN1C	0.0008259999999999999
CCNB1	E2F1	0.000834
CCNB1	BRCA1	0.000916
CCNB1	CDK6	0.0009270000000000001
CCNB1	CDK4	0.00094
CCNB1	CDKN3	0.000941
CCNB1	CDKN1A	0.000977
CCNB1	CDC25A	0.000995
CCNB1	CCNA2	0.000995
CCNB1	CDK2	0.000999
CDK4	BRAF	0.000422
CDK4	BECN1	0.000495
CDK4	BCL2L11	0.000507
CDK4	CD44	0.000523
CDK4	AR	0.0005510000000000001
CDK4	ARNT	0.0005570000000000001
CDK4	CD274	0.0005909999999999999
CDK4	CASP8	0.000602
CDK4	BCL2L1	0.000656
CDK4	CASP9	0.000661
CDK4	CYP19A1	0.0006630000000000001
CDK4	AKT1	0.000691
CDK4	ANXA5	0.0006929999999999999
CDK4	CDH1	0.000712
CDK4	ARID1A	0.000713
CDK4	ABL1	0.0007289999999999999
CDK4	CASP3	0.00075
CDK4	CTNNB1	0.000795
CDK4	E2F2	0.000805
CDK4	BCL2	0.000815
CDK4	CDKN3	0.0008349999999999999
CDK4	ATM	0.000937
CDK4	BRCA2	0.0009429999999999999
CDK4	E2F1	0.000958
CDK4	BRCA1	0.000972
CDK4	CDC25A	0.000979
CDK4	CCNE2	0.000988
CDK4	CDKN1C	0.000994
CDK4	CDK2	0.000998
CDK4	CDKN2A	0.000999
CDK4	CCNA2	0.000999
CDK4	CCND2	0.000999
CDK4	CCND3	0.000999
CDK4	CDKN1A	0.000999
CDK4	CDKN2C	0.000999
CDK4	CDK6	0.000999
CDK4	CDKN2B	0.000999
CDK4	CCNE1	0.000999
CCND2	CYP19A1	0.000416
CCND2	CDH1	0.000437
CCND2	ANXA5	0.00044
CCND2	BRCA1	0.000456
CCND2	ATM	0.00047599999999999997
CCND2	AKT3	0.000479
CCND2	CD44	0.000512
CCND2	CASP3	0.0005290000000000001
CCND2	BCL2L1	0.000545
CCND2	CTNNB1	0.0005600000000000001
CCND2	BRAF	0.0006
CCND2	CCNE2	0.000601
CCND2	CCNA2	0.00061
CCND2	BCL2L11	0.000618
CCND2	CCNE1	0.00064
CCND2	AKT1	0.0006810000000000001
CCND2	ABL1	0.0007099999999999999
CCND2	E2F1	0.000791
CCND2	E2F2	0.000838
CCND2	BCL2	0.000885
CCND2	CCND3	0.000937
CCND2	CDC25A	0.000955
CCND2	CDKN2B	0.000962
CCND2	CDKN2C	0.000963
CCND2	CDKN2A	0.00099
CCND2	CDKN1C	0.000994
CCND2	CDK2	0.000995
CCND2	CDK6	0.000999
CCND2	CDKN1A	0.000999
CDH1	AKT3	0.00040899999999999997
CDH1	ABL1	0.000433
CDH1	BECN1	0.000447
CDH1	ARID1A	0.000447
CDH1	CDKN2B	0.000449
CDH1	ALK	0.000449
CDH1	AKT2	0.00046100000000000004
CDH1	AREG	0.00046300000000000003
CDH1	BCL2L11	0.000477
CDH1	ATM	0.00047799999999999996
CDH1	BRCA2	0.000479
CDH1	CCNE1	0.000489
CDH1	CCNA2	0.000527
CDH1	CDKN1A	0.000583
CDH1	BCL2L1	0.000587
CDH1	CASP9	0.000589
CDH1	BRAF	0.000598
CDH1	CDK2	0.000603
CDH1	AR	0.000629
CDH1	E2F1	0.000643
CDH1	CDK6	0.000666
CDH1	ANXA5	0.0006680000000000001
CDH1	BRCA1	0.0006760000000000001
CDH1	CASP8	0.0006919999999999999
CDH1	CDKN2A	0.000713
CDH1	CD274	0.000718
CDH1	BCL2	0.000736
CDH1	AKT1	0.000903
CDH1	CD44	0.0009270000000000001
CDH1	CASP3	0.0009559999999999999
CDH1	CTNNB1	0.000999
CCNE1	AKT2	0.000406
CCNE1	CDKN3	0.00041999999999999996
CCNE1	CASP9	0.00044500000000000003
CCNE1	BCL2L1	0.000449
CCNE1	ANXA5	0.00046899999999999996
CCNE1	AR	0.000501
CCNE1	BRAF	0.0005250000000000001
CCNE1	BCL2L11	0.00053
CCNE1	ATM	0.000537
CCNE1	CDKN2C	0.000559
CCNE1	CASP3	0.0005769999999999999
CCNE1	BRCA2	0.000588
CCNE1	CDKN2B	0.000596
CCNE1	BCL2	0.000609
CCNE1	ARID1A	0.00062
CCNE1	CCND3	0.000629
CCNE1	AKT1	0.0006670000000000001
CCNE1	CTNNB1	0.0006850000000000001
CCNE1	BRCA1	0.000718
CCNE1	CDKN2A	0.0008139999999999999
CCNE1	CCNA2	0.000903
CCNE1	E2F2	0.0009080000000000001
CCNE1	E2F1	0.0009419999999999999
CCNE1	CCNE2	0.0009559999999999999
CCNE1	CDKN1C	0.000973
CCNE1	CDC25A	0.000991
CCNE1	CDK6	0.000999
CCNE1	CDKN1A	0.000999
CCNE1	CDK2	0.000999
CDKN2C	E2F2	0.000404
CDKN2C	CCNE2	0.000467
CDKN2C	AKT1	0.00048699999999999997
CDKN2C	CDKN3	0.000536
CDKN2C	ATM	0.000544
CDKN2C	CCNA2	0.0005769999999999999
CDKN2C	BRAF	0.0005989999999999999
CDKN2C	E2F1	0.000607
CDKN2C	CDK2	0.000669
CDKN2C	CDKN2B	0.000751
CDKN2C	CDKN2A	0.000815
CDKN2C	CDKN1C	0.000858
CDKN2C	CDKN1A	0.000902
CDKN2C	CCND3	0.000993
CDKN2C	CDK6	0.000999
CDK6	ARID1A	0.000422
CDK6	CD274	0.000429
CDK6	CYP19A1	0.000434
CDK6	AKT1	0.000443
CDK6	BCL2L11	0.000447
CDK6	CASP8	0.000483
CDK6	CD44	0.000489
CDK6	BRCA2	0.00049
CDK6	ABL1	0.0005600000000000001
CDK6	CASP9	0.00057
CDK6	BRCA1	0.000578
CDK6	BCL2L1	0.000587
CDK6	ATM	0.000619
CDK6	ANXA5	0.000633
CDK6	AR	0.0006540000000000001
CDK6	CASP3	0.00067
CDK6	BCL2	0.000712
CDK6	CTNNB1	0.000752
CDK6	E2F2	0.000776
CDK6	CDKN3	0.000901
CDK6	E2F1	0.0009310000000000001
CDK6	CCNE2	0.000959
CDK6	CDC25A	0.000986
CDK6	CDKN1C	0.000995
CDK6	CDK2	0.000998
CDK6	CCND3	0.000999
CDK6	CDKN1A	0.000999
CDK6	CDKN2B	0.000999
CDK6	CCNA2	0.000999
CDK6	CDKN2A	0.000999
CDK2	BECN1	0.00040300000000000004
CDK2	CYP19A1	0.000421
CDK2	AR	0.000495
CDK2	BCL2L11	0.000505
CDK2	ABL1	0.00053
CDK2	AKT1	0.0005769999999999999
CDK2	BCL2L1	0.000664
CDK2	CASP9	0.0006730000000000001
CDK2	ANXA5	0.000683
CDK2	CTNNB1	0.000733
CDK2	CASP8	0.000756
CDK2	CDKN2B	0.000799
CDK2	BCL2	0.000812
CDK2	CASP3	0.000829
CDK2	BRCA2	0.0009459999999999999
CDK2	E2F2	0.000962
CDK2	ATM	0.000966
CDK2	BRCA1	0.000984
CDK2	CDKN2A	0.000993
CDK2	E2F1	0.000997
CDK2	CDC25A	0.000998
CDK2	CCNA2	0.000999
CDK2	CDKN1C	0.000999
CDK2	CCNE2	0.000999
CDK2	CDKN1A	0.000999
CDK2	CCND3	0.000999
CDK2	CDKN3	0.000999
CDKN2B	CDC25A	0.000402
CDKN2B	ARID1A	0.000434
CDKN2B	BCL2	0.000437
CDKN2B	BRCA2	0.000449
CDKN2B	CTNNB1	0.000453
CDKN2B	CD44	0.00046100000000000004
CDKN2B	ABL1	0.00046300000000000003
CDKN2B	BRCA1	0.000493
CDKN2B	E2F1	0.000507
CDKN2B	ATM	0.000518
CDKN2B	CCNA2	0.000519
CDKN2B	BRAF	0.0005340000000000001
CDKN2B	AKT1	0.00058
CDKN2B	CDKN3	0.000722
CDKN2B	CDKN1C	0.0008349999999999999
CDKN2B	CDKN1A	0.0008900000000000001
CDKN2B	CCND3	0.0009459999999999999
CDKN2B	CDKN2A	0.0009509999999999999
ATM	AKT3	0.000424
ATM	CD44	0.000434
ATM	BECN1	0.000438
ATM	AKT2	0.00045400000000000003
ATM	E2F2	0.000464
ATM	AREG	0.000467
ATM	CCND3	0.00047799999999999996
ATM	BCL2L11	0.000483
ATM	CDKN3	0.000531
ATM	AR	0.000539
ATM	CASP9	0.0005669999999999999
ATM	ALK	0.0005769999999999999
ATM	ANXA5	0.000605
ATM	BCL2L1	0.000617
ATM	CTNNB1	0.00062
ATM	ARID1A	0.000661
ATM	CD274	0.0006889999999999999
ATM	CASP3	0.0007019999999999999
ATM	BCL2	0.000712
ATM	AKT1	0.000742
ATM	E2F1	0.000756
ATM	BRAF	0.000778
ATM	CDKN1A	0.0008070000000000001
ATM	CCNA2	0.000815
ATM	CDKN2A	0.000847
ATM	CDC25A	0.000861
ATM	CASP8	0.0009609999999999999
ATM	ABL1	0.000988
ATM	BRCA2	0.000995
ATM	BRCA1	0.000999
ANXA5	ALK	0.00040300000000000004
ANXA5	CDKN3	0.00045900000000000004
ANXA5	CCND3	0.00046100000000000004
ANXA5	AR	0.000464
ANXA5	BRCA1	0.00049
ANXA5	CD274	0.000519
ANXA5	E2F1	0.000533
ANXA5	CDKN2A	0.0005380000000000001
ANXA5	BRAF	0.000578
ANXA5	ABL1	0.000608
ANXA5	CCNA2	0.00062
ANXA5	CDKN1A	0.000661
ANXA5	BECN1	0.000678
ANXA5	CTNNB1	0.000694
ANXA5	BCL2L11	0.000712
ANXA5	CD44	0.000733
ANXA5	BCL2L1	0.000796
ANXA5	AKT1	0.0008209999999999999
ANXA5	CASP8	0.000842
ANXA5	CASP9	0.000885
ANXA5	BCL2	0.0008990000000000001
ANXA5	CASP3	0.000921
CDC25A	BCL2L1	0.00041799999999999997
CDC25A	CD274	0.000448
CDC25A	CTNNB1	0.000462
CDC25A	CASP3	0.000472
CDC25A	CDKN1C	0.00047599999999999997
CDC25A	CDKN2A	0.00048699999999999997
CDC25A	BCL2	0.000513
CDC25A	AKT1	0.0005340000000000001
CDC25A	BRCA2	0.000555
CDC25A	CDKN3	0.0005669999999999999
CDC25A	E2F2	0.000606
CDC25A	CDKN1A	0.000847
CDC25A	E2F1	0.000907
CDC25A	BRCA1	0.000929
CDC25A	CCNA2	0.000934
CDC25A	CCND3	0.000953
CDC25A	CCNE2	0.000984
CASP3	CCNE2	0.00043
CASP3	ALK	0.00045
CASP3	CYP19A1	0.00046800000000000005
CASP3	CD274	0.000524
CASP3	CCND3	0.000526
CASP3	CDKN3	0.0005340000000000001
CASP3	ARNT	0.000553
CASP3	BRCA1	0.0005769999999999999
CASP3	AR	0.000597
CASP3	E2F1	0.0006039999999999999
CASP3	ABL1	0.000608
CASP3	BRAF	0.000611
CASP3	CDKN2A	0.000615
CASP3	BRCA2	0.000623
CASP3	CD44	0.000653
CASP3	AKT2	0.0006580000000000001
CASP3	CCNA2	0.0007059999999999999
CASP3	AKT3	0.0007650000000000001
CASP3	BCL2L11	0.0008629999999999999
CASP3	BECN1	0.000925
CASP3	AKT1	0.000945
CASP3	BCL2L1	0.00095
CASP3	CTNNB1	0.0009649999999999999
CASP3	BCL2	0.000987
CASP3	CDKN1A	0.000996
CASP3	CASP8	0.000999
CASP3	CASP9	0.000999
ARID1A	CDKN1A	0.000404
ARID1A	AKT2	0.00045200000000000004
ARID1A	ALK	0.0005719999999999999
ARID1A	CD274	0.000583
ARID1A	AKT1	0.0005909999999999999
ARID1A	AR	0.000624
ARID1A	BRCA2	0.0006630000000000001
ARID1A	CTNNB1	0.000684
ARID1A	BRAF	0.0007019999999999999
ARID1A	CDKN2A	0.0007199999999999999
ARID1A	BRCA1	0.0008010000000000001
CASP9	CCND3	0.00040300000000000004
CASP9	BRAF	0.000417
CASP9	CD44	0.000451
CASP9	CDKN2A	0.00045200000000000004
CASP9	ARNT	0.000464
CASP9	E2F1	0.000474
CASP9	BRCA1	0.000574
CASP9	CCNA2	0.000606
CASP9	CTNNB1	0.000621
CASP9	ABL1	0.000629
CASP9	CDKN1A	0.000713
CASP9	BCL2L11	0.000864
CASP9	BECN1	0.000928
CASP9	AKT3	0.000937
CASP9	AKT2	0.0009419999999999999
CASP9	CASP8	0.000944
CASP9	BCL2	0.0009459999999999999
CASP9	AKT1	0.000989
CASP9	BCL2L1	0.000992
CDKN3	BRAF	0.00040899999999999997
CDKN3	AREG	0.000421
CDKN3	BCL2L11	0.000435
CDKN3	BCL2L1	0.000464
CDKN3	CTNNB1	0.00046899999999999996
CDKN3	E2F1	0.000544
CDKN3	BRCA1	0.0005819999999999999
CDKN3	BCL2	0.000584
CDKN3	AKT1	0.000598
CDKN3	CDKN1C	0.000748
CDKN3	CDKN2A	0.000842
CDKN3	CDKN1A	0.0009459999999999999
CDKN3	CCNA2	0.0009469999999999999
E2F1	ABL1	0.000437
E2F1	CASP8	0.000464
E2F1	BRAF	0.000467
E2F1	BRCA2	0.000518
E2F1	CTNNB1	0.000624
E2F1	BCL2L1	0.0007019999999999999
E2F1	BCL2L11	0.000707
E2F1	CCND3	0.000777
E2F1	BCL2	0.000778
E2F1	CDKN1C	0.0007930000000000001
E2F1	AKT1	0.0007970000000000001
E2F1	AR	0.0008010000000000001
E2F1	BRCA1	0.000879
E2F1	CCNE2	0.000883
E2F1	CDKN2A	0.000969
E2F1	CDKN1A	0.000977
E2F1	E2F2	0.000993
E2F1	CCNA2	0.000999
CASP8	BRAF	0.00044
CASP8	CD274	0.00044500000000000003
CASP8	BRCA1	0.00046800000000000005
CASP8	ABL1	0.00047099999999999996
CASP8	CD44	0.000491
CASP8	AR	0.000536
CASP8	CCNA2	0.000541
CASP8	CDKN2A	0.0005859999999999999
CASP8	CDKN1A	0.000621
CASP8	BCL2L11	0.000753
CASP8	CTNNB1	0.000768
CASP8	AKT1	0.00079
CASP8	BECN1	0.000914
CASP8	BCL2L1	0.000933
CASP8	BCL2	0.000984
ARNT	BCL2	0.000421
ARNT	AR	0.000465
ARNT	CDKN2A	0.000578
ARNT	BRCA1	0.000646
ARNT	CTNNB1	0.000732
ARNT	AKT1	0.000771
BECN1	AR	0.000482
BECN1	CTNNB1	0.0005470000000000001
BECN1	BRCA1	0.000603
BECN1	CDKN2A	0.000671
BECN1	ABL1	0.000873
BECN1	AKT1	0.0009180000000000001
BECN1	BCL2L11	0.000987
BECN1	BCL2L1	0.000999
BECN1	BCL2	0.000999
E2F2	BRCA1	0.000447
E2F2	AKT1	0.00047099999999999996
E2F2	CDKN2A	0.000648
E2F2	CDKN1C	0.0007009999999999999
E2F2	CCND3	0.000743
E2F2	CDKN1A	0.000778
E2F2	CCNE2	0.0008449999999999999
E2F2	CCNA2	0.000973
ABL1	CD44	0.000404
ABL1	AKT1	0.00040899999999999997
ABL1	CD274	0.000432
ABL1	AR	0.0005110000000000001
ABL1	BRCA2	0.000514
ABL1	BCL2L11	0.0005420000000000001
ABL1	CDKN1C	0.000554
ABL1	CCND3	0.000575
ABL1	BCL2	0.0006730000000000001
ABL1	BCL2L1	0.000722
ABL1	CDKN2A	0.000763
ABL1	CDKN1A	0.000878
ABL1	CTNNB1	0.000949
ABL1	BRCA1	0.0009559999999999999
CCND3	BRAF	0.00041299999999999996
CCND3	AREG	0.00044500000000000003
CCND3	CTNNB1	0.000451
CCND3	BCL2L1	0.000499
CCND3	CCNE2	0.000603
CCND3	BCL2	0.0006039999999999999
CCND3	CCNA2	0.000618
CCND3	AKT1	0.000761
CCND3	CDKN2A	0.000975
CCND3	CDKN1C	0.000992
CCND3	CDKN1A	0.000999
AR	CCNA2	0.000431
AR	BCL2L1	0.000477
AR	CDKN1A	0.00047999999999999996
AR	CD274	0.000509
AR	CD44	0.000527
AR	BRCA2	0.000594
AR	CDKN2A	0.000617
AR	BCL2	0.000623
AR	BRAF	0.000683
AR	CYP19A1	0.000787
AR	AKT1	0.0008950000000000001
AR	BRCA1	0.0009080000000000001
AR	CTNNB1	0.000996
BCL2L1	BRCA1	0.000448
BCL2L1	CD274	0.000488
BCL2L1	BRAF	0.0005570000000000001
BCL2L1	CD44	0.000583
BCL2L1	CCNA2	0.000584
BCL2L1	CDKN1A	0.000704
BCL2L1	CTNNB1	0.000766
BCL2L1	CDKN2A	0.0008139999999999999
BCL2L1	AKT3	0.0009310000000000001
BCL2L1	AKT2	0.000939
BCL2L1	AKT1	0.000991
BCL2L1	BCL2	0.000999
BCL2L1	BCL2L11	0.000999
BRCA2	CCNE2	0.00041099999999999996
BRCA2	BCL2	0.000453
BRCA2	CYP19A1	0.000527
BRCA2	CTNNB1	0.0005430000000000001
BRCA2	ALK	0.0005520000000000001
BRCA2	CD274	0.0005909999999999999
BRCA2	AKT1	0.000605
BRCA2	CDKN1A	0.000635
BRCA2	BRAF	0.000721
BRCA2	CDKN2A	0.0008060000000000001
BRCA2	CCNA2	0.000877
BRCA2	BRCA1	0.000999
CD274	BCL2	0.0005899999999999999
CD274	BRCA1	0.00062
CD274	CTNNB1	0.000643
CD274	CDKN2A	0.000644
CD274	CD44	0.000684
CD274	AKT1	0.0007199999999999999
CD274	BRAF	0.000799
CD274	ALK	0.0008179999999999999
ALK	BRAF	0.00040500000000000003
ALK	BRCA1	0.000544
ALK	BCL2	0.000579
ALK	CTNNB1	0.000625
ALK	CDKN2A	0.000664
AKT2	BCL2L11	0.00040100000000000004
AKT2	CDKN2A	0.000465
AKT2	CYP19A1	0.000502
AKT2	CCNA2	0.000527
AKT2	CTNNB1	0.000721
AKT2	BRCA1	0.0009379999999999999
AKT2	BCL2	0.00095
AKT2	CDKN1A	0.000955
AKT2	AKT3	0.0009649999999999999
AKT2	AKT1	0.000991
BCL2L11	CCNA2	0.000431
BCL2L11	CD44	0.000446
BCL2L11	CTNNB1	0.0005250000000000001
BCL2L11	CDKN2A	0.000541
BCL2L11	CDKN1A	0.000726
BCL2L11	BRAF	0.0007830000000000001
BCL2L11	AKT1	0.000833
BCL2L11	BCL2	0.000999
BTC	AKT1	0.000446
BTC	AREG	0.000991
AREG	CYP19A1	0.00041099999999999996
AREG	BRAF	0.00041799999999999997
AREG	CTNNB1	0.000421
AREG	AKT1	0.0005809999999999999
AREG	CD44	0.0005859999999999999
CYP19A1	CTNNB1	0.000506
CYP19A1	BCL2	0.000524
CYP19A1	CD44	0.000545
CYP19A1	BRCA1	0.0006
CYP19A1	AKT1	0.000748
BCL2	CDKN1C	0.000404
BCL2	CCNE2	0.000498
BCL2	CCNA2	0.00069
BCL2	CD44	0.0006919999999999999
BCL2	CDKN2A	0.000717
BCL2	BRAF	0.000761
BCL2	CTNNB1	0.000781
BCL2	BRCA1	0.0008
BCL2	CDKN1A	0.00082
BCL2	AKT3	0.0009469999999999999
BCL2	AKT1	0.000993
CDKN1A	CD44	0.000494
CDKN1A	BRAF	0.000508
CDKN1A	CTNNB1	0.000625
CDKN1A	CDKN1C	0.000735
CDKN1A	BRCA1	0.000809
CDKN1A	AKT3	0.00095
CDKN1A	CDKN2A	0.000966
CDKN1A	AKT1	0.000995
CDKN1A	CCNE2	0.000999
CDKN1A	CCNA2	0.000999
CD44	BRAF	0.000472
CD44	BRCA1	0.000505
CD44	CDKN2A	0.000614
CD44	AKT1	0.000777
CD44	CTNNB1	0.000846
CDKN1C	CTNNB1	0.000404
CDKN1C	AKT1	0.0005899999999999999
CDKN1C	CDKN2A	0.00086
CDKN1C	CCNE2	0.000978
CDKN1C	CCNA2	0.000998
CDKN2A	AKT3	0.000451
CDKN2A	CCNE2	0.000483
CDKN2A	CCNA2	0.000696
CDKN2A	BRCA1	0.000832
CDKN2A	AKT1	0.000866
CDKN2A	BRAF	0.000892
CDKN2A	CTNNB1	0.00093
BRCA1	CCNE2	0.00048699999999999997
BRCA1	BRAF	0.000678
BRCA1	CTNNB1	0.000731
BRCA1	AKT3	0.000934
BRCA1	CCNA2	0.0009559999999999999
BRCA1	AKT1	0.000993
BRAF	AKT1	0.0007830000000000001
BRAF	CTNNB1	0.000795
CCNE2	AKT1	0.000448
CCNE2	CCNA2	0.000866
AKT1	CCNA2	0.000771
AKT1	AKT3	0.000958
AKT1	CTNNB1	0.000979
CCNA2	AKT3	0.000474
CCNA2	CTNNB1	0.000725
CTNNB1	AKT3	0.000518
FKBP4	GATA3	0.000519
FKBP4	FOXA1	0.0005600000000000001
FKBP4	EP300	0.000574
FKBP4	ESR2	0.000596
FKBP4	ESR1	0.000893
FKBP4	HSP90AA1	0.000999
KRT14	KRT19	0.00047
KRT14	KRT8	0.000502
KRT14	KIT	0.000505
KRT14	FOXA1	0.0005200000000000001
KRT14	GATA3	0.000553
KRT14	EPCAM	0.000587
KRT14	ESR1	0.000609
KRT14	ERBB2	0.0006540000000000001
KRT14	EGF	0.000666
KRT14	EGFR	0.000696
KRT14	KRT5	0.000999
HGF	ESR1	0.00041099999999999996
HGF	MAP2K1	0.000435
HGF	EPCAM	0.000447
HGF	JUN	0.000481
HGF	IGF2	0.000522
HGF	KRT19	0.000555
HGF	FGF19	0.0005759999999999999
HGF	HIF1A	0.000607
HGF	JAK2	0.000641
HGF	HRAS	0.0006490000000000001
HGF	ERBB4	0.000781
HGF	FGFR1	0.0008139999999999999
HGF	GRB2	0.000838
HGF	EGF	0.000844
HGF	KRAS	0.000852
HGF	GAB1	0.000858
HGF	IGF1	0.000869
HGF	FGFR2	0.000906
HGF	ERBB2	0.0009180000000000001
HGF	KIT	0.000925
HGF	ERBB3	0.0009519999999999999
HGF	IGF1R	0.000955
HGF	KDR	0.000966
HGF	EGFR	0.00098
MAPK14	IGF1R	0.000422
MAPK14	ETS1	0.000447
MAPK14	EIF4EBP1	0.00046300000000000003
MAPK14	GATA3	0.00046600000000000005
MAPK14	EGF	0.000489
MAPK14	ERBB2	0.000491
MAPK14	HSP90AA1	0.000558
MAPK14	MCL1	0.000598
MAPK14	KDR	0.00062
MAPK14	GRB2	0.000631
MAPK14	IGF1	0.00064
MAPK14	HRAS	0.0006770000000000001
MAPK14	HIF1A	0.0006929999999999999
MAPK14	EP300	0.000741
MAPK14	EGFR	0.000799
MAPK14	KRAS	0.0008070000000000001
MAPK14	ESR2	0.000921
MAPK14	FOXO1	0.0009350000000000001
MAPK14	FOXO3	0.000949
MAPK14	ESR1	0.000954
MAPK14	MAPK8	0.000955
MAPK14	MAP2K1	0.0009699999999999999
MAPK14	FOS	0.000985
MAPK14	JUN	0.000992
FOXA1	IGF1R	0.000406
FOXA1	EGF	0.000408
FOXA1	MAP2K1	0.000414
FOXA1	FOXM1	0.000423
FOXA1	HIF1A	0.000428
FOXA1	ETS1	0.000434
FOXA1	EPCAM	0.00047599999999999997
FOXA1	EZH2	0.000492
FOXA1	GRB7	0.000505
FOXA1	HRAS	0.000508
FOXA1	KRT19	0.000513
FOXA1	INPP4B	0.000516
FOXA1	KRT5	0.0005769999999999999
FOXA1	EGFR	0.000592
FOXA1	KRAS	0.000592
FOXA1	HSP90AA1	0.000593
FOXA1	ERBB3	0.000616
FOXA1	KRT8	0.000623
FOXA1	ESR2	0.000632
FOXA1	ERBB2	0.00064
FOXA1	GREB1	0.000674
FOXA1	FOS	0.0008020000000000001
FOXA1	JUN	0.0008169999999999999
FOXA1	EP300	0.000933
FOXA1	GATA3	0.000997
FOXA1	ESR1	0.000998
KRT5	GRB2	0.000453
KRT5	KRT8	0.00047799999999999996
KRT5	KRAS	0.000508
KRT5	EGF	0.000514
KRT5	KIT	0.000614
KRT5	EPCAM	0.0006730000000000001
KRT5	GATA3	0.000675
KRT5	ESR1	0.000737
KRT5	ERBB2	0.000796
KRT5	EGFR	0.000885
KRAS	EIF4EBP1	0.00041799999999999997
KRAS	ETS1	0.00041999999999999996
KRAS	FOXO1	0.000422
KRAS	E2F3	0.00042699999999999997
KRAS	FOXM1	0.000431
KRAS	FOXO3	0.000444
KRAS	GATA3	0.000489
KRAS	IGF2	0.000507
KRAS	FOS	0.00055
KRAS	EPCAM	0.0005899999999999999
KRAS	KRT19	0.000607
KRAS	GRB7	0.000614
KRAS	JUN	0.000624
KRAS	HIF1A	0.000626
KRAS	MCL1	0.000629
KRAS	FGF19	0.000646
KRAS	EZH2	0.0006730000000000001
KRAS	IRS1	0.0006889999999999999
KRAS	IGF1	0.0006979999999999999
KRAS	EP300	0.000757
KRAS	ESR1	0.000764
KRAS	FBXW7	0.000768
KRAS	KDR	0.00078
KRAS	HSP90AA1	0.0008179999999999999
KRAS	JAK2	0.00085
KRAS	EGF	0.0008539999999999999
KRAS	ERBB4	0.000862
KRAS	ERBB3	0.000919
KRAS	GRB2	0.0009310000000000001
KRAS	MAPK8	0.000948
KRAS	ERBB2	0.000966
KRAS	IGF1R	0.000971
KRAS	FGFR2	0.000973
KRAS	KIT	0.000976
KRAS	FGFR1	0.0009809999999999999
KRAS	HRAS	0.000992
KRAS	MAP2K1	0.000995
KRAS	EGFR	0.000997
E2F3	HIF1A	0.00040699999999999997
E2F3	JUN	0.000417
E2F3	ETS1	0.00043
E2F3	FOXM1	0.000435
E2F3	EGFR	0.00044500000000000003
E2F3	ERBB2	0.00046300000000000003
E2F3	EP300	0.0006450000000000001
E2F3	EZH2	0.000732
GAB1	FGF19	0.000493
GAB1	ERBB4	0.000526
GAB1	HSP90AA1	0.00054
GAB1	IRS1	0.000553
GAB1	FGFR1	0.000588
GAB1	JAK2	0.000608
GAB1	EGF	0.0008259999999999999
GAB1	KIT	0.000914
GAB1	FGFR2	0.0009180000000000001
GAB1	KDR	0.00092
GAB1	ERBB3	0.0009320000000000001
GAB1	IGF1R	0.0009350000000000001
GAB1	ERBB2	0.000948
GAB1	GRB2	0.000999
GAB1	EGFR	0.000999
EP300	EGF	0.000406
EP300	IGF1R	0.000423
EP300	JAK2	0.000456
EP300	FGFR2	0.00047299999999999995
EP300	MAP2K1	0.000522
EP300	EGFR	0.000588
EP300	HRAS	0.0005949999999999999
EP300	GRB2	0.000601
EP300	ERBB2	0.000652
EP300	MCL1	0.000675
EP300	MAPK8	0.0007
EP300	FBXW7	0.000755
EP300	HSP90AA1	0.000809
EP300	ESR2	0.0008110000000000001
EP300	GREB1	0.000882
EP300	ETS1	0.000954
EP300	FOXM1	0.000957
EP300	GATA3	0.000959
EP300	EZH2	0.000963
EP300	FOS	0.000964
EP300	FOXO1	0.000984
EP300	FOXO3	0.000991
EP300	ESR1	0.000997
EP300	JUN	0.000999
EP300	HIF1A	0.000999
EPCAM	HIF1A	0.000424
EPCAM	EZH2	0.00042699999999999997
EPCAM	KDR	0.00044500000000000003
EPCAM	ERBB3	0.00051
EPCAM	HSP90AA1	0.0005110000000000001
EPCAM	ESR1	0.000544
EPCAM	KIT	0.000607
EPCAM	EGF	0.00063
EPCAM	KRT8	0.0008449999999999999
EPCAM	KRT19	0.000888
EPCAM	EGFR	0.000923
EPCAM	ERBB2	0.0009270000000000001
KDR	FOS	0.000402
KDR	EZH2	0.000415
KDR	KIT	0.000429
KDR	MCL1	0.00044500000000000003
KDR	ETS1	0.00044500000000000003
KDR	FBXW7	0.00045400000000000003
KDR	JUN	0.000499
KDR	FGFR2	0.0005110000000000001
KDR	HRAS	0.0005430000000000001
KDR	MAP2K1	0.0005480000000000001
KDR	IGF1R	0.0005520000000000001
KDR	ESR2	0.0005729999999999999
KDR	ERBB3	0.0005819999999999999
KDR	ERBB4	0.000596
KDR	ERBB2	0.00064
KDR	FGFR1	0.0006810000000000001
KDR	ESR1	0.0006879999999999999
KDR	IRS1	0.000743
KDR	HIF1A	0.000785
KDR	EGFR	0.000805
KDR	FGF19	0.0008060000000000001
KDR	IGF2	0.000862
KDR	IGF1	0.000914
KDR	JAK2	0.0009260000000000001
KDR	EGF	0.000928
KDR	HSP90AA1	0.000954
KDR	GRB2	0.0009699999999999999
EGF	GATA3	0.000415
EGF	FOXO3	0.000451
EGF	MCL1	0.00046300000000000003
EGF	EZH2	0.000472
EGF	IRS1	0.000486
EGF	GRB7	0.000503
EGF	KRT8	0.000506
EGF	KRT19	0.0005729999999999999
EGF	ESR2	0.000578
EGF	JAK2	0.000588
EGF	FOXO1	0.0006360000000000001
EGF	IGF2	0.000644
EGF	MAP2K1	0.0006860000000000001
EGF	MAPK8	0.000719
EGF	FGF19	0.000721
EGF	HSP90AA1	0.00076
EGF	HIF1A	0.000785
EGF	FOS	0.0007880000000000001
EGF	ESR1	0.0008020000000000001
EGF	HRAS	0.000869
EGF	JUN	0.0008900000000000001
EGF	FGFR1	0.0009260000000000001
EGF	FGFR2	0.0009360000000000001
EGF	KIT	0.000973
EGF	IGF1	0.000995
EGF	GRB2	0.000995
EGF	IGF1R	0.000997
EGF	ERBB2	0.000999
EGF	EGFR	0.000999
EGF	ERBB4	0.000999
EGF	ERBB3	0.000999
ERBB3	FOXO3	0.000419
ERBB3	MCL1	0.000422
ERBB3	HIF1A	0.000433
ERBB3	FBXW7	0.00045
ERBB3	FGFR1	0.000453
ERBB3	JUN	0.000493
ERBB3	ESR2	0.000532
ERBB3	ETS1	0.000545
ERBB3	KIT	0.0005570000000000001
ERBB3	MAP2K1	0.000559
ERBB3	FGFR2	0.00063
ERBB3	ESR1	0.000652
ERBB3	FGF19	0.000726
ERBB3	IGF2	0.0007700000000000001
ERBB3	HRAS	0.000798
ERBB3	IGF1	0.0008100000000000001
ERBB3	IRS1	0.00087
ERBB3	HSP90AA1	0.000916
ERBB3	IGF1R	0.000933
ERBB3	JAK2	0.000955
ERBB3	GRB7	0.000964
ERBB3	GRB2	0.000999
ERBB3	ERBB4	0.000999
ERBB3	EGFR	0.000999
ERBB3	ERBB2	0.000999
ERBB2	MAP2K1	0.00041
ERBB2	GREB1	0.000438
ERBB2	MAPK8	0.000439
ERBB2	ETS1	0.000444
ERBB2	FOXO1	0.00048699999999999997
ERBB2	INPP4B	0.000507
ERBB2	EIF4EBP1	0.0005250000000000001
ERBB2	FOS	0.00053
ERBB2	FOXO3	0.000545
ERBB2	FOXM1	0.0005470000000000001
ERBB2	EZH2	0.000571
ERBB2	KRT8	0.000633
ERBB2	GATA3	0.000662
ERBB2	KRT19	0.000665
ERBB2	HIF1A	0.00069
ERBB2	MCL1	0.000713
ERBB2	FBXW7	0.000716
ERBB2	ESR2	0.000717
ERBB2	FGFR1	0.000737
ERBB2	FGFR2	0.000744
ERBB2	JUN	0.000759
ERBB2	FGF19	0.000768
ERBB2	IGF2	0.000819
ERBB2	HRAS	0.000907
ERBB2	IRS1	0.000909
ERBB2	JAK2	0.000966
ERBB2	ESR1	0.000976
ERBB2	IGF1	0.000992
ERBB2	IGF1R	0.000993
ERBB2	ERBB4	0.000999
ERBB2	GRB7	0.000999
ERBB2	EGFR	0.000999
ERBB2	GRB2	0.000999
ERBB2	HSP90AA1	0.000999
EGFR	KIT	0.000428
EGFR	FGFR1	0.000479
EGFR	GATA3	0.000512
EGFR	EIF4EBP1	0.0005420000000000001
EGFR	ETS1	0.000545
EGFR	FOXM1	0.000565
EGFR	MAP2K1	0.000579
EGFR	FGFR2	0.000608
EGFR	KRT19	0.000622
EGFR	FOXO3	0.000629
EGFR	FBXW7	0.000674
EGFR	MCL1	0.000675
EGFR	FOXO1	0.0007059999999999999
EGFR	EZH2	0.000741
EGFR	KRT8	0.000754
EGFR	ESR2	0.000755
EGFR	FGF19	0.000795
EGFR	MAPK8	0.00083
EGFR	IGF2	0.0008539999999999999
EGFR	JUN	0.000871
EGFR	HIF1A	0.000934
EGFR	IRS1	0.000939
EGFR	FOS	0.00094
EGFR	GRB7	0.0009739999999999999
EGFR	JAK2	0.000986
EGFR	ESR1	0.000988
EGFR	IGF1R	0.000989
EGFR	IGF1	0.000991
EGFR	HRAS	0.000994
EGFR	ERBB4	0.000996
EGFR	GRB2	0.000999
EGFR	HSP90AA1	0.000999
KIT	FOXO3	0.00040699999999999997
KIT	ETS1	0.000419
KIT	JUN	0.00045200000000000004
KIT	KRT8	0.0005200000000000001
KIT	FGFR2	0.0005290000000000001
KIT	MCL1	0.000544
KIT	IGF1R	0.0005629999999999999
KIT	GATA3	0.000583
KIT	EZH2	0.0005899999999999999
KIT	ESR1	0.000592
KIT	KRT19	0.000593
KIT	HIF1A	0.000609
KIT	FBXW7	0.0006360000000000001
KIT	JAK2	0.000707
KIT	HSP90AA1	0.000708
KIT	FGF19	0.000768
KIT	IGF2	0.000833
KIT	IRS1	0.000841
KIT	IGF1	0.00086
KIT	GRB7	0.000886
KIT	HRAS	0.000962
KIT	GRB2	0.000998
FGF19	ESR1	0.000431
FGF19	MAPK8	0.000457
FGF19	IGF1	0.000489
FGF19	GRB2	0.0005340000000000001
FGF19	HRAS	0.000575
FGF19	ERBB4	0.000708
FGF19	IGF1R	0.000718
FGF19	FGFR2	0.000969
FGF19	FGFR1	0.000991
MAP2K1	ETS1	0.0004
MAP2K1	EZH2	0.00041099999999999996
MAP2K1	FOXO3	0.000417
MAP2K1	EIF4EBP1	0.00041799999999999997
MAP2K1	IRS1	0.000467
MAP2K1	HIF1A	0.0005110000000000001
MAP2K1	ESR1	0.000521
MAP2K1	FBXW7	0.000524
MAP2K1	MCL1	0.00055
MAP2K1	FOS	0.000652
MAP2K1	IGF1R	0.000675
MAP2K1	IGF1	0.0006770000000000001
MAP2K1	JAK2	0.000757
MAP2K1	HSP90AA1	0.000798
MAP2K1	JUN	0.000808
MAP2K1	GRB2	0.0008139999999999999
MAP2K1	MAPK8	0.000934
MAP2K1	HRAS	0.000989
IRS1	FOS	0.00041799999999999997
IRS1	HIF1A	0.000451
IRS1	EIF4EBP1	0.000575
IRS1	FOXO3	0.000629
IRS1	HRAS	0.000665
IRS1	JUN	0.0007009999999999999
IRS1	ERBB4	0.000734
IRS1	FGFR2	0.0008169999999999999
IRS1	FGFR1	0.000834
IRS1	FOXO1	0.0008539999999999999
IRS1	ESR1	0.000903
IRS1	IGF2	0.000928
IRS1	MAPK8	0.000986
IRS1	JAK2	0.000996
IRS1	IGF1	0.000998
IRS1	GRB2	0.000999
IRS1	IGF1R	0.000999
FOS	FOXM1	0.000412
FOS	GREB1	0.00042699999999999997
FOS	IGF2	0.000441
FOS	IGF1R	0.00049
FOS	GRB2	0.000514
FOS	KRT19	0.0005250000000000001
FOS	EZH2	0.0005669999999999999
FOS	IGF1	0.000585
FOS	HSP90AA1	0.0006039999999999999
FOS	MCL1	0.000665
FOS	FOXO3	0.0006820000000000001
FOS	JAK2	0.0007149999999999999
FOS	ETS1	0.000737
FOS	HRAS	0.000763
FOS	HIF1A	0.000805
FOS	FOXO1	0.000809
FOS	GATA3	0.000868
FOS	ESR2	0.0009609999999999999
FOS	MAPK8	0.000986
FOS	JUN	0.000999
FOS	ESR1	0.000999
EZH2	ERBB4	0.000412
EZH2	IGF2	0.00045
EZH2	FOXO3	0.00045
EZH2	FGFR2	0.000453
EZH2	FGFR1	0.00047999999999999996
EZH2	MCL1	0.000488
EZH2	IGF1R	0.000505
EZH2	FOXO1	0.000508
EZH2	HRAS	0.000536
EZH2	GATA3	0.0006720000000000001
EZH2	FBXW7	0.000691
EZH2	HSP90AA1	0.000714
EZH2	HIF1A	0.0007149999999999999
EZH2	JAK2	0.000768
EZH2	FOXM1	0.000778
EZH2	JUN	0.000852
EZH2	ESR1	0.000915
HSP90AA1	IGF1	0.00047099999999999996
HSP90AA1	FOXO3	0.000492
HSP90AA1	KRT19	0.000522
HSP90AA1	FOXO1	0.000648
HSP90AA1	GATA3	0.0006590000000000001
HSP90AA1	MAPK8	0.000732
HSP90AA1	FGFR1	0.00074
HSP90AA1	IGF1R	0.000791
HSP90AA1	JAK2	0.000791
HSP90AA1	JUN	0.000798
HSP90AA1	ERBB4	0.000809
HSP90AA1	HRAS	0.000819
HSP90AA1	GRB2	0.0008349999999999999
HSP90AA1	MCL1	0.000838
HSP90AA1	ESR2	0.000884
HSP90AA1	ESR1	0.000999
HSP90AA1	HIF1A	0.000999
FOXO3	FBXW7	0.00042699999999999997
FOXO3	IGF2	0.00044500000000000003
FOXO3	JAK2	0.00045200000000000004
FOXO3	FOXM1	0.000498
FOXO3	EIF4EBP1	0.0005250000000000001
FOXO3	GATA3	0.000578
FOXO3	IGF1R	0.000674
FOXO3	MCL1	0.000705
FOXO3	ESR2	0.000707
FOXO3	JUN	0.000773
FOXO3	IGF1	0.000803
FOXO3	ESR1	0.000898
FOXO3	MAPK8	0.000954
FOXO3	FOXO1	0.000955
FOXO3	HIF1A	0.000997
EIF4EBP1	IGF1R	0.000506
EIF4EBP1	MCL1	0.000509
EIF4EBP1	FOXO1	0.000514
EIF4EBP1	FGFR1	0.000532
EIF4EBP1	IGF1	0.000571
EIF4EBP1	HIF1A	0.0005819999999999999
ERBB4	JUN	0.00043599999999999997
ERBB4	FBXW7	0.0005899999999999999
ERBB4	ESR2	0.000606
ERBB4	IGF2	0.000741
ERBB4	IGF1	0.000789
ERBB4	HRAS	0.0008269999999999999
ERBB4	GRB7	0.0008269999999999999
ERBB4	ESR1	0.0009609999999999999
ERBB4	GRB2	0.000999
FOXM1	IGF1R	0.000437
FOXM1	GATA3	0.00045
FOXM1	FBXW7	0.0005110000000000001
FOXM1	HIF1A	0.000661
FOXM1	JUN	0.000679
FOXM1	ESR1	0.00079
ESR2	IGF2	0.00040100000000000004
ESR2	GREB1	0.000494
ESR2	KRT8	0.0005340000000000001
ESR2	FGFR2	0.000536
ESR2	HIF1A	0.0006760000000000001
ESR2	IGF1	0.000731
ESR2	IGF1R	0.0008129999999999999
ESR2	MAPK8	0.000923
ESR2	JUN	0.000967
ESR2	ESR1	0.000998
KRT19	GRB7	0.0004
KRT19	GATA3	0.000472
KRT19	ESR1	0.0005899999999999999
KRT19	KRT8	0.000796
MCL1	HRAS	0.000431
MCL1	IGF1R	0.000492
MCL1	MAPK8	0.000517
MCL1	IGF1	0.0006039999999999999
MCL1	JAK2	0.000635
MCL1	FOXO1	0.000643
MCL1	ESR1	0.000653
MCL1	JUN	0.000656
MCL1	HIF1A	0.000825
MCL1	FBXW7	0.000945
JUN	IGF2	0.00040699999999999997
JUN	FGFR1	0.000414
JUN	IGF1R	0.000574
JUN	GRB2	0.0005859999999999999
JUN	JAK2	0.000621
JUN	IGF1	0.0006360000000000001
JUN	HRAS	0.000778
JUN	FOXO1	0.0007920000000000001
JUN	ETS1	0.000873
JUN	GATA3	0.000897
JUN	HIF1A	0.0009609999999999999
JUN	FBXW7	0.000997
JUN	MAPK8	0.000999
JUN	ESR1	0.000999
GATA3	FOXO1	0.0005
GATA3	INPP4B	0.000513
GATA3	FBXW7	0.000522
GATA3	KRT8	0.000541
GATA3	GREB1	0.0005629999999999999
GATA3	JAK2	0.000574
GATA3	HIF1A	0.000714
GATA3	ETS1	0.000907
GATA3	ESR1	0.000982
FOXO1	JAK2	0.00047799999999999996
FOXO1	FGFR1	0.000535
FOXO1	IGF2	0.00057
FOXO1	IGF1R	0.0007830000000000001
FOXO1	HIF1A	0.000859
FOXO1	IGF1	0.00091
FOXO1	ESR1	0.000919
FOXO1	MAPK8	0.0009509999999999999
FOXO1	ETS1	0.000978
GREB1	IGF1	0.000455
GREB1	ESR1	0.000983
JAK2	FGFR1	0.000472
JAK2	MAPK8	0.000518
JAK2	FBXW7	0.0005290000000000001
JAK2	ESR1	0.0005380000000000001
JAK2	HRAS	0.000781
JAK2	HIF1A	0.0007840000000000001
JAK2	IGF1	0.000829
JAK2	FGFR2	0.000921
JAK2	IGF1R	0.0009809999999999999
JAK2	GRB2	0.000987
GRB2	MAPK8	0.000447
GRB2	IGF2	0.00066
GRB2	IGF1	0.000762
GRB2	GRB7	0.000767
GRB2	ESR1	0.000819
GRB2	HRAS	0.0009379999999999999
GRB2	FGFR1	0.0009609999999999999
GRB2	IGF1R	0.000985
GRB2	FGFR2	0.000993
ETS1	ESR1	0.00040300000000000004
ETS1	FGFR2	0.000419
ETS1	HIF1A	0.000544
IGF1	MAPK8	0.000479
IGF1	HIF1A	0.0006979999999999999
IGF1	FGFR1	0.00082
IGF1	FGFR2	0.000866
IGF1	ESR1	0.000964
IGF1	IGF2	0.000998
IGF1	IGF1R	0.000999
MAPK8	IGF1R	0.000446
MAPK8	HIF1A	0.00048499999999999997
MAPK8	ESR1	0.000964
MAPK8	HRAS	0.000985
IGF2	HRAS	0.000622
IGF2	HIF1A	0.00068
IGF2	ESR1	0.000734
IGF2	FGFR2	0.000763
IGF2	FGFR1	0.000785
IGF2	IGF1R	0.000999
FGFR1	HIF1A	0.000458
FGFR1	ESR1	0.000555
FGFR1	FBXW7	0.0005759999999999999
FGFR1	IGF1R	0.000627
FGFR1	FGFR2	0.000853
FGFR1	HRAS	0.000962
GRB7	ESR1	0.000508
ESR1	FBXW7	0.00041299999999999996
ESR1	KRT8	0.000646
ESR1	HRAS	0.0007149999999999999
ESR1	FGFR2	0.0007740000000000001
ESR1	HIF1A	0.000948
ESR1	IGF1R	0.000999
HRAS	HIF1A	0.000446
HRAS	FBXW7	0.000674
HRAS	IGF1R	0.000949
HRAS	FGFR2	0.0009609999999999999
FGFR2	IGF1R	0.000532
FGFR2	FBXW7	0.000606
HIF1A	FBXW7	0.000603
HIF1A	IGF1R	0.000752
FBXW7	IGF1R	0.000589
SNAI2	PARP1	0.00043
SNAI2	MUC1	0.000451
SNAI2	PDGFRB	0.00047799999999999996
SNAI2	PGR	0.00047999999999999996
SNAI2	PTK2	0.000504
SNAI2	MET	0.000504
SNAI2	SRC	0.000574
SNAI2	PTEN	0.000597
SNAI2	NOTCH1	0.000614
SNAI2	STAT3	0.000629
SNAI2	PDGFRA	0.0006630000000000001
SNAI2	SMAD3	0.0006889999999999999
SNAI2	MYC	0.000782
SNAI2	SMAD2	0.000812
SNAI2	SMAD4	0.0008489999999999999
SNAI2	MDM2	0.000853
SNAI2	SNAI1	0.000864
PIK3R2	STAT3	0.0007239999999999999
PIK3R2	SHC1	0.000731
PIK3R2	MET	0.000768
PIK3R2	RET	0.000782
PIK3R2	PLCG2	0.00091
PIK3R2	PGR	0.000912
PIK3R2	RAF1	0.000925
PIK3R2	NTRK1	0.00093
PIK3R2	NRAS	0.000933
PIK3R2	PTK2	0.000934
PIK3R2	PDGFRA	0.0009379999999999999
PIK3R2	MTOR	0.000944
PIK3R2	SRC	0.000959
PIK3R2	PTPN11	0.0009599999999999999
PIK3R2	PDGFRB	0.000971
PIK3R2	PTEN	0.000985
PIK3R2	PIK3R3	0.000999
PIK3R2	PIK3R1	0.000999
PIK3R2	PIK3CB	0.000999
PIK3R2	PIK3CA	0.000999
MLH1	MDM2	0.0004
MLH1	NF2	0.000412
MLH1	PGR	0.00041799999999999997
MLH1	PBRM1	0.000425
MLH1	PTPN11	0.000443
MLH1	NOTCH1	0.00046100000000000004
MLH1	SMARCA4	0.00047
MLH1	PDGFRA	0.000477
MLH1	PARP1	0.0005510000000000001
MLH1	RET	0.0005819999999999999
MLH1	NRAS	0.000627
MLH1	MYC	0.000655
MLH1	SMAD4	0.000687
MLH1	RASSF1	0.000721
MLH1	NF1	0.000764
MLH1	PIK3CA	0.000789
MLH1	PTEN	0.00083
SNAI1	PIK3CA	0.00040500000000000003
SNAI1	PDGFRA	0.00045200000000000004
SNAI1	MUC1	0.00047
SNAI1	PDGFRB	0.00047099999999999996
SNAI1	MTOR	0.000479
SNAI1	NCOA3	0.00049
SNAI1	PGR	0.000496
SNAI1	SMARCA4	0.0005639999999999999
SNAI1	PTK2	0.0005809999999999999
SNAI1	SRC	0.000612
SNAI1	MYC	0.000727
SNAI1	MET	0.000731
SNAI1	NOTCH1	0.0007379999999999999
SNAI1	PTEN	0.000755
SNAI1	SMAD2	0.000782
SNAI1	STAT3	0.0008060000000000001
SNAI1	PARP1	0.000842
SNAI1	MDM2	0.000851
SNAI1	SMAD4	0.0009599999999999999
SNAI1	SMAD3	0.000994
PDGFRA	MDM4	0.000449
PDGFRA	SP1	0.00046300000000000003
PDGFRA	NF2	0.000475
PDGFRA	SMAD4	0.00051
PDGFRA	SMAD3	0.000539
PDGFRA	MTOR	0.000558
PDGFRA	NOTCH1	0.000574
PDGFRA	MYC	0.000589
PDGFRA	STAT5A	0.0006730000000000001
PDGFRA	NF1	0.000804
PDGFRA	PTEN	0.000828
PDGFRA	MDM2	0.000843
PDGFRA	PLCG2	0.0009130000000000001
PDGFRA	STAT1	0.000914
PDGFRA	PTK2	0.000919
PDGFRA	SHC1	0.0009379999999999999
PDGFRA	PIK3R3	0.0009379999999999999
PDGFRA	SRC	0.000954
PDGFRA	PIK3CB	0.000957
PDGFRA	STAT3	0.0009609999999999999
PDGFRA	NRAS	0.000967
PDGFRA	PDGFRB	0.000989
PDGFRA	PIK3CA	0.00099
PDGFRA	PTPN11	0.000995
PDGFRA	PIK3R1	0.000995
MDM2	RAF1	0.00041099999999999996
MDM2	NF2	0.00041999999999999996
MDM2	NTRK1	0.000424
MDM2	PDGFRB	0.000435
MDM2	MET	0.00046
MDM2	SMAD4	0.00048699999999999997
MDM2	RBL2	0.000495
MDM2	STAT5A	0.000524
MDM2	PTK2	0.000545
MDM2	NCOA3	0.0005769999999999999
MDM2	PGR	0.000596
MDM2	MTOR	0.000598
MDM2	SKP2	0.000605
MDM2	SMAD2	0.000605
MDM2	NRAS	0.000609
MDM2	STAT1	0.000622
MDM2	NF1	0.000623
MDM2	SMARCA4	0.000639
MDM2	PIK3CA	0.000642
MDM2	PARP1	0.0006670000000000001
MDM2	PIK3R1	0.000675
MDM2	STAT3	0.0007149999999999999
MDM2	SP1	0.000799
MDM2	MYC	0.0008129999999999999
MDM2	NOTCH1	0.000843
MDM2	SRC	0.000882
MDM2	RASSF1	0.000892
MDM2	PTEN	0.000902
MDM2	RB1	0.000999
MDM2	MDM4	0.000999
PDGFRB	MET	0.000406
PDGFRB	MKI67	0.000448
PDGFRB	NOTCH1	0.000474
PDGFRB	SMAD2	0.000482
PDGFRB	MTOR	0.000531
PDGFRB	NF1	0.000546
PDGFRB	SMAD3	0.000625
PDGFRB	MYC	0.000674
PDGFRB	RAF1	0.000742
PDGFRB	STAT1	0.000816
PDGFRB	STAT5A	0.000883
PDGFRB	STAT3	0.000915
PDGFRB	PLCG2	0.0009170000000000001
PDGFRB	PTK2	0.000925
PDGFRB	PTEN	0.00095
PDGFRB	PIK3R3	0.000955
PDGFRB	NRAS	0.000959
PDGFRB	PIK3CB	0.0009599999999999999
PDGFRB	SHC1	0.0009609999999999999
PDGFRB	PIK3CA	0.000976
PDGFRB	PTPN11	0.000999
PDGFRB	PIK3R1	0.000999
PDGFRB	SRC	0.000999
RBL2	MYC	0.000422
RBL2	SMARCA4	0.000447
RBL2	PTEN	0.000449
RBL2	SKP2	0.000894
RBL2	RB1	0.000949
SMAD2	MUC1	0.000416
SMAD2	STAT5A	0.00045200000000000004
SMAD2	PTK2	0.000528
SMAD2	MET	0.0005610000000000001
SMAD2	PIK3CA	0.000583
SMAD2	SRC	0.000612
SMAD2	PTEN	0.000632
SMAD2	NOTCH1	0.0006630000000000001
SMAD2	MTOR	0.0006630000000000001
SMAD2	STAT1	0.000665
SMAD2	PARP1	0.000675
SMAD2	STAT3	0.00069
SMAD2	NCOA3	0.000709
SMAD2	SMARCA4	0.000717
SMAD2	SP1	0.000959
SMAD2	MYC	0.000982
SMAD2	SMAD3	0.000999
SMAD2	SMAD4	0.000999
PIK3R3	SHC1	0.000549
PIK3R3	STAT3	0.000587
PIK3R3	RET	0.000755
PIK3R3	MET	0.000844
PIK3R3	PLCG2	0.000909
PIK3R3	PGR	0.000911
PIK3R3	RAF1	0.0009130000000000001
PIK3R3	NRAS	0.000923
PIK3R3	NTRK1	0.000924
PIK3R3	PTPN11	0.0009320000000000001
PIK3R3	MTOR	0.000937
PIK3R3	PTEN	0.000955
PIK3R3	SRC	0.0009609999999999999
PIK3R3	PTK2	0.000971
PIK3R3	PIK3R1	0.000997
PIK3R3	PIK3CA	0.000999
PIK3R3	PIK3CB	0.000999
PIK3CA	PDK1	0.00041299999999999996
PIK3CA	RASSF1	0.000421
PIK3CA	MUC1	0.000435
PIK3CA	MDM4	0.00045200000000000004
PIK3CA	RB1	0.00047799999999999996
PIK3CA	SMARCA4	0.000509
PIK3CA	SMAD3	0.000531
PIK3CA	NF2	0.00057
PIK3CA	PARP1	0.000617
PIK3CA	SHC1	0.000637
PIK3CA	PBRM1	0.000641
PIK3CA	MYC	0.00074
PIK3CA	STAT1	0.00074
PIK3CA	NOTCH1	0.000786
PIK3CA	RICTOR	0.0007920000000000001
PIK3CA	NF1	0.0007930000000000001
PIK3CA	SMAD4	0.000805
PIK3CA	STAT3	0.000859
PIK3CA	RET	0.000891
PIK3CA	PLCG2	0.000928
PIK3CA	NTRK1	0.0009599999999999999
PIK3CA	MET	0.0009609999999999999
PIK3CA	PGR	0.0009609999999999999
PIK3CA	MTOR	0.000963
PIK3CA	PTK2	0.0009699999999999999
PIK3CA	RAF1	0.000972
PIK3CA	SRC	0.000984
PIK3CA	PTPN11	0.00099
PIK3CA	PTEN	0.000995
PIK3CA	NRAS	0.000995
PIK3CA	PIK3CB	0.000998
PIK3CA	PIK3R1	0.000999
STAT3	NF1	0.000483
STAT3	NF2	0.0005
STAT3	NRAS	0.000535
STAT3	RB1	0.000537
STAT3	SMARCA4	0.000571
STAT3	NCOA1	0.000653
STAT3	PARP1	0.000657
STAT3	PIK3CB	0.0006670000000000001
STAT3	NOTCH1	0.0006770000000000001
STAT3	PTK6	0.000707
STAT3	MUC1	0.000752
STAT3	RAF1	0.000762
STAT3	SMAD4	0.000768
STAT3	PLCG2	0.000781
STAT3	PTEN	0.000794
STAT3	PGR	0.000858
STAT3	NTRK1	0.000884
STAT3	RET	0.000887
STAT3	SHC1	0.000893
STAT3	SMAD3	0.000909
STAT3	PIK3R1	0.0009180000000000001
STAT3	SP1	0.000923
STAT3	MTOR	0.0009260000000000001
STAT3	PTK2	0.000928
STAT3	MET	0.0009809999999999999
STAT3	PTPN11	0.000984
STAT3	MYC	0.000985
STAT3	STAT5A	0.000997
STAT3	STAT1	0.000999
STAT3	SRC	0.000999
RB1	SHC1	0.000521
RB1	PARP1	0.000533
RB1	SRC	0.000592
RB1	MDM4	0.0006820000000000001
RB1	SP1	0.00073
RB1	PTEN	0.000734
RB1	PGR	0.000782
RB1	PBRM1	0.000785
RB1	RAF1	0.000824
RB1	MYC	0.000888
RB1	SMARCA4	0.000979
RB1	SKP2	0.000985
SKP2	NOTCH1	0.00040699999999999997
SKP2	SP1	0.000414
SKP2	PTK2	0.000415
SKP2	PARP1	0.000457
SKP2	MTOR	0.000549
SKP2	STAT1	0.0005809999999999999
SKP2	RASSF1	0.000623
SKP2	PTEN	0.0007009999999999999
SKP2	SMAD4	0.000775
SKP2	MYC	0.000975
RICTOR	NF1	0.000434
RICTOR	PIK3R1	0.000472
RICTOR	PDK1	0.00051
RICTOR	SHC1	0.000584
RICTOR	SRC	0.000611
RICTOR	NRAS	0.00062
RICTOR	PIK3CB	0.000705
RICTOR	MYC	0.000708
RICTOR	SMAD4	0.0007650000000000001
RICTOR	PTEN	0.000834
RICTOR	MTOR	0.000999
MET	STAT5A	0.0004
MET	NF2	0.000416
MET	SMAD3	0.00043
MET	SMAD4	0.00046300000000000003
MET	NF1	0.000482
MET	NOTCH1	0.000523
MET	RET	0.000559
MET	MTOR	0.00062
MET	NTRK1	0.000646
MET	MYC	0.0006720000000000001
MET	PARP1	0.0007009999999999999
MET	PTEN	0.000755
MET	MUC1	0.000762
MET	PIK3R1	0.0008719999999999999
MET	PLCG2	0.000916
MET	PIK3CB	0.000925
MET	PTPN11	0.0009270000000000001
MET	PTK2	0.0009350000000000001
MET	NRAS	0.000966
MET	SHC1	0.000992
MET	SRC	0.000993
PGR	NTRK1	0.000408
PGR	STAT1	0.000426
PGR	MTOR	0.000488
PGR	SMARCA4	0.0005859999999999999
PGR	MKI67	0.000644
PGR	SP1	0.0006630000000000001
PGR	MUC1	0.000664
PGR	PTEN	0.0006670000000000001
PGR	MYC	0.000705
PGR	PARP1	0.0007109999999999999
PGR	STAT5A	0.000885
PGR	PIK3CB	0.00092
PGR	PIK3R1	0.0009310000000000001
PGR	SRC	0.000937
PGR	NCOA3	0.000986
PGR	NCOA1	0.000997
SP1	PTEN	0.00043
SP1	MTOR	0.000447
SP1	NF1	0.000519
SP1	PARP1	0.000545
SP1	SMARCA4	0.000812
SP1	NCOA1	0.000848
SP1	NCOA3	0.0009310000000000001
SP1	SMAD4	0.000933
SP1	SRC	0.0009469999999999999
SP1	MYC	0.0009739999999999999
SP1	SMAD3	0.000978
SMAD3	PTK2	0.000456
SMAD3	NCOA3	0.000488
SMAD3	STAT5A	0.000502
SMAD3	SRC	0.0005620000000000001
SMAD3	NCOA1	0.0005729999999999999
SMAD3	PTEN	0.000611
SMAD3	MTOR	0.00067
SMAD3	MUC1	0.000678
SMAD3	SMARCA4	0.0006979999999999999
SMAD3	PTPN11	0.000731
SMAD3	STAT1	0.0008489999999999999
SMAD3	PARP1	0.000869
SMAD3	NOTCH1	0.000958
SMAD3	MYC	0.000993
SMAD3	SMAD4	0.000999
PTK2	SMAD4	0.000414
PTK2	MTOR	0.000451
PTK2	RAF1	0.000527
PTK2	NF1	0.0005510000000000001
PTK2	PARP1	0.0005570000000000001
PTK2	NOTCH1	0.0005669999999999999
PTK2	NF2	0.000578
PTK2	MYC	0.000578
PTK2	PLCG2	0.0006360000000000001
PTK2	NRAS	0.000655
PTK2	RET	0.000664
PTK2	STAT1	0.00085
PTK2	PIK3CB	0.00093
PTK2	PIK3R1	0.000988
PTK2	PTEN	0.000995
PTK2	SHC1	0.000995
PTK2	PTPN11	0.000997
PTK2	SRC	0.000999
STAT5A	PARP1	0.000404
STAT5A	NCOA1	0.000428
STAT5A	NOTCH1	0.00045900000000000004
STAT5A	MTOR	0.000497
STAT5A	PIK3R1	0.00058
STAT5A	SMARCA4	0.0007019999999999999
STAT5A	MYC	0.000759
STAT5A	PTEN	0.0007830000000000001
STAT5A	SHC1	0.0008259999999999999
STAT5A	SRC	0.0009
STAT5A	STAT1	0.000969
STAT5A	PTPN11	0.0009739999999999999
SMAD4	NTRK1	0.000417
SMAD4	STAT1	0.00041999999999999996
SMAD4	SHC1	0.000421
SMAD4	MUC1	0.000441
SMAD4	PIK3R1	0.000453
SMAD4	MDM4	0.000457
SMAD4	NF2	0.00047599999999999997
SMAD4	PTPN11	0.000505
SMAD4	MTOR	0.00054
SMAD4	RET	0.0005560000000000001
SMAD4	PBRM1	0.000615
SMAD4	SMARCA4	0.000644
SMAD4	NRAS	0.00067
SMAD4	SRC	0.000725
SMAD4	NOTCH1	0.0008110000000000001
SMAD4	NF1	0.000873
SMAD4	PARP1	0.000888
SMAD4	PTEN	0.000912
SMAD4	MYC	0.0009310000000000001
SMARCA4	NRAS	0.00040100000000000004
SMARCA4	RASSF1	0.000432
SMARCA4	NCOA1	0.00044500000000000003
SMARCA4	PIK3R1	0.00055
SMARCA4	RET	0.0005809999999999999
SMARCA4	PTK6	0.000624
SMARCA4	NOTCH1	0.000665
SMARCA4	PTEN	0.000705
SMARCA4	NF1	0.000751
SMARCA4	STAT1	0.00085
SMARCA4	MYC	0.0009739999999999999
SMARCA4	PARP1	0.000996
SMARCA4	PBRM1	0.000999
NF2	PTPN11	0.00041
NF2	RET	0.000444
NF2	MTOR	0.000446
NF2	SRC	0.00045400000000000003
NF2	RASSF1	0.000517
NF2	MYC	0.000518
NF2	PBRM1	0.000549
NF2	NRAS	0.0005679999999999999
NF2	PTEN	0.000606
NF2	NF1	0.0009699999999999999
RET	MTOR	0.000483
RET	MYC	0.000507
RET	NOTCH1	0.000513
RET	NTRK1	0.000603
RET	PIK3CB	0.00065
RET	PTEN	0.000683
RET	NF1	0.000839
RET	SRC	0.000859
RET	NRAS	0.000868
RET	PTPN11	0.000871
RET	PIK3R1	0.000898
RET	SHC1	0.000983
RASSF1	PBRM1	0.00046
RASSF1	MYC	0.00054
RASSF1	PTEN	0.000589
RASSF1	NRAS	0.0009599999999999999
NF1	PARP1	0.000422
NF1	MKI67	0.000475
NF1	SRC	0.00047599999999999997
NF1	MDM4	0.000497
NF1	NTRK1	0.000553
NF1	PBRM1	0.000554
NF1	NOTCH1	0.000588
NF1	PIK3R1	0.000608
NF1	MTOR	0.000616
NF1	MYC	0.000643
NF1	RAF1	0.000812
NF1	PTPN11	0.000852
NF1	PTEN	0.000874
NF1	NRAS	0.000994
STAT1	NCOA1	0.000435
STAT1	NOTCH1	0.000444
STAT1	PARP1	0.00045200000000000004
STAT1	PTEN	0.000541
STAT1	MUC1	0.0005729999999999999
STAT1	PIK3CB	0.000611
STAT1	PLCG2	0.000648
STAT1	SHC1	0.000678
STAT1	PIK3R1	0.000743
STAT1	MYC	0.000781
STAT1	MTOR	0.0008269999999999999
STAT1	SRC	0.0009360000000000001
STAT1	PTPN11	0.0009609999999999999
MTOR	SHC1	0.000458
MTOR	MDM4	0.00047599999999999997
MTOR	PBRM1	0.000479
MTOR	PTPN11	0.000499
MTOR	NTRK1	0.000539
MTOR	RAF1	0.000578
MTOR	NOTCH1	0.000585
MTOR	PARP1	0.0006580000000000001
MTOR	NRAS	0.000705
MTOR	MYC	0.00073
MTOR	PDK1	0.000763
MTOR	SRC	0.0007930000000000001
MTOR	PTEN	0.0009419999999999999
MTOR	PIK3CB	0.0009429999999999999
MTOR	PIK3R1	0.0009559999999999999
PARP1	MDM4	0.000402
PARP1	PBRM1	0.000453
PARP1	RAF1	0.00046899999999999996
PARP1	NRAS	0.000472
PARP1	NOTCH1	0.000486
PARP1	SRC	0.0005989999999999999
PARP1	PTEN	0.000726
PARP1	MYC	0.000762
MDM4	MYC	0.000507
MDM4	PTEN	0.000732
MKI67	PTEN	0.00047
MKI67	MYC	0.00053
NRAS	PBRM1	0.000443
NRAS	NTRK1	0.000625
NRAS	MYC	0.0006810000000000001
NRAS	SHC1	0.000691
NRAS	NOTCH1	0.0007650000000000001
NRAS	PTEN	0.0008719999999999999
NRAS	PIK3CB	0.0009469999999999999
NRAS	PTPN11	0.0009519999999999999
NRAS	PIK3R1	0.0009559999999999999
NRAS	SRC	0.0009699999999999999
NRAS	RAF1	0.000999
PTEN	PDK1	0.000451
PTEN	MUC1	0.00046100000000000004
PTEN	NCOA3	0.000569
PTEN	SHC1	0.000569
PTEN	NTRK1	0.000608
PTEN	PBRM1	0.000622
PTEN	RAF1	0.000661
PTEN	PTPN11	0.000745
PTEN	NOTCH1	0.000758
PTEN	SRC	0.000837
PTEN	MYC	0.0009080000000000001
PTEN	PLCG2	0.0009310000000000001
PTEN	PIK3CB	0.000984
PTEN	PIK3R1	0.000997
NCOA3	NOTCH1	0.000488
NCOA3	MYC	0.0008449999999999999
NCOA3	SRC	0.000975
NCOA3	NCOA1	0.000994
SRC	NTRK1	0.0005110000000000001
SRC	NCOA1	0.0006720000000000001
SRC	NOTCH1	0.0007199999999999999
SRC	MYC	0.000805
SRC	RAF1	0.000954
SRC	PIK3CB	0.000967
SRC	PLCG2	0.000975
SRC	MUC1	0.000994
SRC	PTPN11	0.000998
SRC	PIK3R1	0.000998
SRC	SHC1	0.000999
PDK1	MYC	0.0005629999999999999
NCOA1	MYC	0.000627
PBRM1	MUC1	0.000458
PBRM1	NOTCH1	0.000558
SHC1	RAF1	0.000533
SHC1	PIK3CB	0.000631
SHC1	MUC1	0.000683
SHC1	MYC	0.000683
SHC1	PLCG2	0.00093
SHC1	PIK3R1	0.000971
SHC1	PTPN11	0.000997
SHC1	NTRK1	0.000999
RAF1	PTPN11	0.000728
RAF1	MYC	0.000755
RAF1	PIK3CB	0.000939
RAF1	PIK3R1	0.000944
PIK3R1	NOTCH1	0.000633
PIK3R1	MYC	0.000675
PIK3R1	NTRK1	0.000962
PIK3R1	PLCG2	0.000979
PIK3R1	PTPN11	0.000996
PIK3R1	PIK3CB	0.000999
NTRK1	NOTCH1	0.00040699999999999997
NTRK1	MYC	0.000559
NTRK1	PTPN11	0.0005600000000000001
NTRK1	PLCG2	0.0009080000000000001
NTRK1	PIK3CB	0.0009320000000000001
MYC	MUC1	0.000662
MYC	PTPN11	0.0006670000000000001
MYC	NOTCH1	0.0008990000000000001
PLCG2	PTPN11	0.000934
PLCG2	PIK3CB	0.0009379999999999999
PTPN11	NOTCH1	0.000571
PTPN11	PIK3CB	0.000934
TSC2	TERT	0.00040899999999999997
TSC2	TP53	0.000713
TSC2	STK11	0.000857
TP53	TGFA	0.0005729999999999999
TP53	YAP1	0.000721
TP53	STAT5B	0.000728
TP53	ZEB1	0.000824
TP53	TERT	0.000902
TP53	STK11	0.0009699999999999999
TERT	STK11	0.000517
ZEB1	YAP1	0.0008209999999999999
